Workbook
Name Desc_Categorias: 'Cadastros Auxiliares'!$B$8:$E$8
Name Desc_Quantidades: 'Cadastros Auxiliares'!$B$8:$B$13
Name Desc_TabelaToda: 'Cadastros Auxiliares'!$B$8:$E$13
Name Int_Nome_Produtos: #REF!
Name Int_Quantidade: #REF!
Name SegmentaçãodeDados_Categoria1: #N/A

Sheet Menu

Sheet Produtos
B1: Controle de Produtos
B6: Código | C6: Produtos | D6: Tamanho | E6: Categoria | F6: Estoque | G6: Preço Unitário
B7: PR001 | C7: Bermuda | D7: P | E7: Vestuário | F7: 48 | G7: 65.9
B8: PR002 | C8: Bermuda | D8: M | E8: Vestuário | F8: 17 | G8: 69.9
B9: PR003 | C9: Bermuda | D9: G | E9: Vestuário | F9: 25 | G9: 70.9
B10: PR004 | C10: Bolsa coringa | D10: Único | E10: Acessórios | F10: 36 | G10: 145
B11: PR005 | C11: Bolsa de couro | D11: Único | E11: Acessórios | F11: 21 | G11: 259.9
B12: PR006 | C12: Boné | D12: Único | E12: Acessórios | F12: 23 | G12: 39.9
B13: PR007 | C13: Calça jeans | D13: P | E13: Vestuário | F13: 24 | G13: 85.9
B14: PR008 | C14: Calça jeans | D14: M | E14: Vestuário | F14: 35 | G14: 89.9
B15: PR009 | C15: Calça jeans | D15: G | E15: Vestuário | F15: 47 | G15: 92.9
B16: PR010 | C16: Calça legging | D16: P | E16: Vestuário | F16: 42 | G16: 44.9
B17: PR011 | C17: Calça legging | D17: M | E17: Vestuário | F17: 32 | G17: 46.9
B18: PR012 | C18: Calça legging | D18: G | E18: Vestuário | F18: 45 | G18: 48.9
... B33: PR027 | C33: Óculos redondo | D33: Único | E33: Acessórios | F33: 45 | G33: 120
B34: PR028 | C34: Tênis Atitas | D34: 36 | E34: Calçado | F34: 37 | G34: 249.9
B35: PR029 | C35: Tênis Atitas | D35: 37 | E35: Calçado | F35: 41 | G35: 255
B36: PR030 | C36: Tênis Atitas | D36: 38 | E36: Calçado | F36: 30 | G36: 259.9
B37: PR031 | C37: Tênis Chunky | D37: 36 | E37: Calçado | F37: 27 | G37: 245
B38: PR032 | C38: Tênis Chunky | D38: 37 | E38: Calçado | F38: 41 | G38: 250
B39: PR033 | C39: Tênis Chunky | D39: 38 | E39: Calçado | F39: 43 | G39: 259.9
B40: PR034 | C40: Vestido curto | D40: P | E40: Vestuário | F40: 43 | G40: 89.9
B41: PR035 | C41: Vestido curto | D41: M | E41: Vestuário | F41: 18 | G41: 91.4
B42: PR036 | C42: Vestido curto | D42: G | E42: Vestuário | F42: 45 | G42: 93.5
B43: PR037 | C43: Vestido longo | D43: P | E43: Vestuário | F43: 34 | G43: 140
B44: PR038 | C44: Vestido longo | D44: M | E44: Vestuário | F44: 47 | G44: 142.9
B45: PR039 | C45: Vestido longo | D45: G | E45: Vestuário | F45: 50 | G45: 146
B46: PR040 | C46: Camiseta Conforto | D46: P | E46: Vestuário | F46: 16 | G46: 70
B47: PR041 | C47: Camiseta Conforto | D47: M | E47: Vestuário | F47: 21 | G47: 54.9
B48: PR042 | C48: Camiseta Conforto | D48: G | E48: Vestuário | F48: 43 | G48: 54.9
B49: PR043 | C49: Vestido Floral | D49: P | E49: Vestuário | F49: 43 | G49: 72.5
B50: PR044 | C50: Vestido Floral | D50: M | E50: Vestuário | F50: 41 | G50: 72.5
B51: PR045 | C51: Vestido Floral | D51: G | E51: Vestuário | F51: 49 | G51: 72.5
... B60: PR054 | C60: Saia Plissada | D60: G | E60: Vestuário | F60: 18 | G60: 49.9
B61: PR055 | C61: Sandália Rasteira | D61: 35 | E61: Calçado | F61: 48 | G61: 89.9
B62: PR056 | C62: Sandália Rasteira | D62: 36 | E62: Calçado | F62: 38 | G62: 89.9
B63: PR057 | C63: Sandália Rasteira | D63: 37 | E63: Calçado | F63: 45 | G63: 89.9
B64: PR058 | C64: Calça Alfaiataria | D64: P | E64: Vestuário | F64: 40 | G64: 180
B65: PR059 | C65: Calça Alfaiataria | D65: M | E65: Vestuário | F65: 35 | G65: 180
B66: PR060 | C66: Calça Alfaiataria | D66: G | E66: Vestuário | F66: 35 | G66: 180

Sheet Vendedores
B1: Vendedores
A4: Código | B4: Vendedor | C4: Cidade | D4: Desc. Máximo
A5: VD001 | B5: João | C5: São Paulo | D5: 0.2
A6: VD002 | B6: Sarah | C6: Rio de Janeiro | D6: 0.15
A7: VD003 | B7: Clara | C7: Natal | D7: 0.1
A8: VD004 | B8: Amanda | C8: Manaus | D8: 0.2
A9: VD005 | B9: Bruno | C9: Belo Horizonte | D9: 0.15

Sheet Vendas
B1: Vendas
A4: Nº | B4: Data | C4: Código | D4: Categoria | E4: Qtd | F4: Preço Unitário | G4: Indice | H4: Desconto (Passo a Passo) | I4: Desconto (Diretão) | J4: Desconto (Vendedor) | K4: Desconto Final | L4: Total | M4: Vendedor
A5: =MONTH(TB_Vendas[[#This Row],[Data]]) -> 1 | B5: 44931 | C5: PR006 | D5: =_xlfn.XLOOKUP(TB_Vendas[[#This Row],[Código]],TB_Produtos[Código],TB_Produtos[Categoria]) -> Acessórios | E5: 1 | F5: =VLOOKUP(TB_Vendas[[#This Row],[Código]],Produtos!$B$6:$G$66,6,0) -> 39.9 | G5: =_xlfn.XMATCH(TB_Vendas[[#This Row],[Categoria]],Desc_Categorias,0) -> 2 | H5: =VLOOKUP(TB_Vendas[[#This Row],[Qtd]],Desc_TabelaToda,TB_Vendas[[#This Row],[Indice]],TRUE) -> 0 | I5: {=INDEX(Desc_TabelaToda,MATCH(TB_Vendas[[#This Row],[Qtd]],Desc_Quantidades,1),MATCH(_xlfn.XLOOKUP(TB_Vendas[[#This Row],[Código]],TB_Produtos[[#All],[Código]],TB_Produtos[[#All],[Categoria]]),Desc_Categorias,0))} -> 0 | J5: =_xlfn.XLOOKUP(TB_Vendas[[#This Row],[Vendedor]],Vendedores!$A$5:$A$9,Vendedores!$D$5:$D$9) -> 0.15 | K5: =IF(TB_Vendas[[#This Row],[Desconto (Diretão)]]<=TB_Vendas[[#This Row],[Desconto (Vendedor)]],TB_Vendas[[#This Row],[Desconto (Diretão)]],TB_Vendas[[#This Row],[Desconto (Vendedor)]]) -> 0 | L5: =TB_Vendas[[#This Row],[Preço Unitário]]*TB_Vendas[[#This Row],[Qtd]] -> 39.9 | M5: VD002
A6: =MONTH(TB_Vendas[[#This Row],[Data]]) -> 1 | B6: 44932 | C6: PR005 | D6: =_xlfn.XLOOKUP(TB_Vendas[[#This Row],[Código]],TB_Produtos[Código],TB_Produtos[Categoria]) -> Acessórios | E6: 1 | F6: =VLOOKUP(TB_Vendas[[#This Row],[Código]],Produtos!$B$6:$G$66,6,0) -> 259.9 | G6: =_xlfn.XMATCH(TB_Vendas[[#This Row],[Categoria]],Desc_Categorias,0) -> 2 | H6: =VLOOKUP(TB_Vendas[[#This Row],[Qtd]],Desc_TabelaToda,TB_Vendas[[#This Row],[Indice]],TRUE) -> 0 | I6: {=INDEX(Desc_TabelaToda,MATCH(TB_Vendas[[#This Row],[Qtd]],Desc_Quantidades,1),MATCH(_xlfn.XLOOKUP(TB_Vendas[[#This Row],[Código]],TB_Produtos[[#All],[Código]],TB_Produtos[[#All],[Categoria]]),Desc_Categorias,0))} -> 0 | J6: =_xlfn.XLOOKUP(TB_Vendas[[#This Row],[Vendedor]],Vendedores!$A$5:$A$9,Vendedores!$D$5:$D$9) -> 0.15 | K6: =IF(TB_Vendas[[#This Row],[Desconto (Diretão)]]<=TB_Vendas[[#This Row],[Desconto (Vendedor)]],TB_Vendas[[#This Row],[Desconto (Diretão)]],TB_Vendas[[#This Row],[Desconto (Vendedor)]]) -> 0 | L6: =TB_Vendas[[#This Row],[Preço Unitário]]*TB_Vendas[[#This Row],[Qtd]] -> 259.9 | M6: VD002
A7: =MONTH(TB_Vendas[[#This Row],[Data]]) -> 1 | B7: 44933 | C7: PR051 | D7: =_xlfn.XLOOKUP(TB_Vendas[[#This Row],[Código]],TB_Produtos[Código],TB_Produtos[Categoria]) -> Vestuário | E7: 2 | F7: =VLOOKUP(TB_Vendas[[#This Row],[Código]],Produtos!$B$6:$G$66,6,0) -> 32.9 | G7: =_xlfn.XMATCH(TB_Vendas[[#This Row],[Categoria]],Desc_Categorias,0) -> 3 | H7: =VLOOKUP(TB_Vendas[[#This Row],[Qtd]],Desc_TabelaToda,TB_Vendas[[#This Row],[Indice]],TRUE) -> 0.15 | I7: {=INDEX(Desc_TabelaToda,MATCH(TB_Vendas[[#This Row],[Qtd]],Desc_Quantidades,1),MATCH(_xlfn.XLOOKUP(TB_Vendas[[#This Row],[Código]],TB_Produtos[[#All],[Código]],TB_Produtos[[#All],[Categoria]]),Desc_Categorias,0))} -> 0.15 | J7: =_xlfn.XLOOKUP(TB_Vendas[[#This Row],[Vendedor]],Vendedores!$A$5:$A$9,Vendedores!$D$5:$D$9) -> 0.2 | K7: =IF(TB_Vendas[[#This Row],[Desconto (Diretão)]]<=TB_Vendas[[#This Row],[Desconto (Vendedor)]],TB_Vendas[[#This Row],[Desconto (Diretão)]],TB_Vendas[[#This Row],[Desconto (Vendedor)]]) -> 0.15 | L7: =TB_Vendas[[#This Row],[Preço Unitário]]*TB_Vendas[[#This Row],[Qtd]] -> 65.8 | M7: VD001
A8: =MONTH(TB_Vendas[[#This Row],[Data]]) -> 1 | B8: 44938 | C8: PR011 | D8: =_xlfn.XLOOKUP(TB_Vendas[[#This Row],[Código]],TB_Produtos[Código],TB_Produtos[Categoria]) -> Vestuário | E8: 1 | F8: =VLOOKUP(TB_Vendas[[#This Row],[Código]],Produtos!$B$6:$G$66,6,0) -> 46.9 | G8: =_xlfn.XMATCH(TB_Vendas[[#This Row],[Categoria]],Desc_Categorias,0) -> 3 | H8: =VLOOKUP(TB_Vendas[[#This Row],[Qtd]],Desc_TabelaToda,TB_Vendas[[#This Row],[Indice]],TRUE) -> 0.1 | I8: {=INDEX(Desc_TabelaToda,MATCH(TB_Vendas[[#This Row],[Qtd]],Desc_Quantidades,1),MATCH(_xlfn.XLOOKUP(TB_Vendas[[#This Row],[Código]],TB_Produtos[[#All],[Código]],TB_Produtos[[#All],[Categoria]]),Desc_Categorias,0))} -> 0.1 | J8: =_xlfn.XLOOKUP(TB_Vendas[[#This Row],[Vendedor]],Vendedores!$A$5:$A$9,Vendedores!$D$5:$D$9) -> 0.15 | K8: =IF(TB_Vendas[[#This Row],[Desconto (Diretão)]]<=TB_Vendas[[#This Row],[Desconto (Vendedor)]],TB_Vendas[[#This Row],[Desconto (Diretão)]],TB_Vendas[[#This Row],[Desconto (Vendedor)]]) -> 0.1 | L8: =TB_Vendas[[#This Row],[Preço Unitário]]*TB_Vendas[[#This Row],[Qtd]] -> 46.9 | M8: VD005
A9: =MONTH(TB_Vendas[[#This Row],[Data]]) -> 1 | B9: 44939 | C9: PR017 | D9: =_xlfn.XLOOKUP(TB_Vendas[[#This Row],[Código]],TB_Produtos[Código],TB_Produtos[Categoria]) -> Vestuário | E9: 1 | F9: =VLOOKUP(TB_Vendas[[#This Row],[Código]],Produtos!$B$6:$G$66,6,0) -> 29.9 | G9: =_xlfn.XMATCH(TB_Vendas[[#This Row],[Categoria]],Desc_Categorias,0) -> 3 | H9: =VLOOKUP(TB_Vendas[[#This Row],[Qtd]],Desc_TabelaToda,TB_Vendas[[#This Row],[Indice]],TRUE) -> 0.1 | I9: {=INDEX(Desc_TabelaToda,MATCH(TB_Vendas[[#This Row],[Qtd]],Desc_Quantidades,1),MATCH(_xlfn.XLOOKUP(TB_Vendas[[#This Row],[Código]],TB_Produtos[[#All],[Código]],TB_Produtos[[#All],[Categoria]]),Desc_Categorias,0))} -> 0.1 | J9: =_xlfn.XLOOKUP(TB_Vendas[[#This Row],[Vendedor]],Vendedores!$A$5:$A$9,Vendedores!$D$5:$D$9) -> 0.15 | K9: =IF(TB_Vendas[[#This Row],[Desconto (Diretão)]]<=TB_Vendas[[#This Row],[Desconto (Vendedor)]],TB_Vendas[[#This Row],[Desconto (Diretão)]],TB_Vendas[[#This Row],[Desconto (Vendedor)]]) -> 0.1 | L9: =TB_Vendas[[#This Row],[Preço Unitário]]*TB_Vendas[[#This Row],[Qtd]] -> 29.9 | M9: VD002
A10: =MONTH(TB_Vendas[[#This Row],[Data]]) -> 1 | B10: 44943 | C10: PR025 | D10: =_xlfn.XLOOKUP(TB_Vendas[[#This Row],[Código]],TB_Produtos[Código],TB_Produtos[Categoria]) -> Vestuário | E10: 1 | F10: =VLOOKUP(TB_Vendas[[#This Row],[Código]],Produtos!$B$6:$G$66,6,0) -> 299.9 | G10: =_xlfn.XMATCH(TB_Vendas[[#This Row],[Categoria]],Desc_Categorias,0) -> 3 | H10: =VLOOKUP(TB_Vendas[[#This Row],[Qtd]],Desc_TabelaToda,TB_Vendas[[#This Row],[Indice]],TRUE) -> 0.1 | I10: {=INDEX(Desc_TabelaToda,MATCH(TB_Vendas[[#This Row],[Qtd]],Desc_Quantidades,1),MATCH(_xlfn.XLOOKUP(TB_Vendas[[#This Row],[Código]],TB_Produtos[[#All],[Código]],TB_Produtos[[#All],[Categoria]]),Desc_Categorias,0))} -> 0.1 | J10: =_xlfn.XLOOKUP(TB_Vendas[[#This Row],[Vendedor]],Vendedores!$A$5:$A$9,Vendedores!$D$5:$D$9) -> 0.15 | K10: =IF(TB_Vendas[[#This Row],[Desconto (Diretão)]]<=TB_Vendas[[#This Row],[Desconto (Vendedor)]],TB_Vendas[[#This Row],[Desconto (Diretão)]],TB_Vendas[[#This Row],[Desconto (Vendedor)]]) -> 0.1 | L10: =TB_Vendas[[#This Row],[Preço Unitário]]*TB_Vendas[[#This Row],[Qtd]] -> 299.9 | M10: VD005
A11: =MONTH(TB_Vendas[[#This Row],[Data]]) -> 1 | B11: 44949 | C11: PR039 | D11: =_xlfn.XLOOKUP(TB_Vendas[[#This Row],[Código]],TB_Produtos[Código],TB_Produtos[Categoria]) -> Vestuário | E11: 1 | F11: =VLOOKUP(TB_Vendas[[#This Row],[Código]],Produtos!$B$6:$G$66,6,0) -> 146 | G11: =_xlfn.XMATCH(TB_Vendas[[#This Row],[Categoria]],Desc_Categorias,0) -> 3 | H11: =VLOOKUP(TB_Vendas[[#This Row],[Qtd]],Desc_TabelaToda,TB_Vendas[[#This Row],[Indice]],TRUE) -> 0.1 | I11: {=INDEX(Desc_TabelaToda,MATCH(TB_Vendas[[#This Row],[Qtd]],Desc_Quantidades,1),MATCH(_xlfn.XLOOKUP(TB_Vendas[[#This Row],[Código]],TB_Produtos[[#All],[Código]],TB_Produtos[[#All],[Categoria]]),Desc_Categorias,0))} -> 0.1 | J11: =_xlfn.XLOOKUP(TB_Vendas[[#This Row],[Vendedor]],Vendedores!$A$5:$A$9,Vendedores!$D$5:$D$9) -> 0.1 | K11: =IF(TB_Vendas[[#This Row],[Desconto (Diretão)]]<=TB_Vendas[[#This Row],[Desconto (Vendedor)]],TB_Vendas[[#This Row],[Desconto (Diretão)]],TB_Vendas[[#This Row],[Desconto (Vendedor)]]) -> 0.1 | L11: =TB_Vendas[[#This Row],[Preço Unitário]]*TB_Vendas[[#This Row],[Qtd]] -> 146 | M11: VD003
A12: =MONTH(TB_Vendas[[#This Row],[Data]]) -> 1 | B12: 44952 | C12: PR034 | D12: =_xlfn.XLOOKUP(TB_Vendas[[#This Row],[Código]],TB_Produtos[Código],TB_Produtos[Categoria]) -> Vestuário | E12: 2 | F12: =VLOOKUP(TB_Vendas[[#This Row],[Código]],Produtos!$B$6:$G$66,6,0) -> 89.9 | G12: =_xlfn.XMATCH(TB_Vendas[[#This Row],[Categoria]],Desc_Categorias,0) -> 3 | H12: =VLOOKUP(TB_Vendas[[#This Row],[Qtd]],Desc_TabelaToda,TB_Vendas[[#This Row],[Indice]],TRUE) -> 0.15 | I12: {=INDEX(Desc_TabelaToda,MATCH(TB_Vendas[[#This Row],[Qtd]],Desc_Quantidades,1),MATCH(_xlfn.XLOOKUP(TB_Vendas[[#This Row],[Código]],TB_Produtos[[#All],[Código]],TB_Produtos[[#All],[Categoria]]),Desc_Categorias,0))} -> 0.15 | J12: =_xlfn.XLOOKUP(TB_Vendas[[#This Row],[Vendedor]],Vendedores!$A$5:$A$9,Vendedores!$D$5:$D$9) -> 0.1 | K12: =IF(TB_Vendas[[#This Row],[Desconto (Diretão)]]<=TB_Vendas[[#This Row],[Desconto (Vendedor)]],TB_Vendas[[#This Row],[Desconto (Diretão)]],TB_Vendas[[#This Row],[Desconto (Vendedor)]]) -> 0.1 | L12: =TB_Vendas[[#This Row],[Preço Unitário]]*TB_Vendas[[#This Row],[Qtd]] -> 179.8 | M12: VD003
A13: =MONTH(TB_Vendas[[#This Row],[Data]]) -> 1 | B13: 44954 | C13: PR032 | D13: =_xlfn.XLOOKUP(TB_Vendas[[#This Row],[Código]],TB_Produtos[Código],TB_Produtos[Categoria]) -> Calçado | E13: 2 | F13: =VLOOKUP(TB_Vendas[[#This Row],[Código]],Produtos!$B$6:$G$66,6,0) -> 250 | G13: =_xlfn.XMATCH(TB_Vendas[[#This Row],[Categoria]],Desc_Categorias,0) -> 4 | H13: =VLOOKUP(TB_Vendas[[#This Row],[Qtd]],Desc_TabelaToda,TB_Vendas[[#This Row],[Indice]],TRUE) -> 0.1 | I13: {=INDEX(Desc_TabelaToda,MATCH(TB_Vendas[[#This Row],[Qtd]],Desc_Quantidades,1),MATCH(_xlfn.XLOOKUP(TB_Vendas[[#This Row],[Código]],TB_Produtos[[#All],[Código]],TB_Produtos[[#All],[Categoria]]),Desc_Categorias,0))} -> 0.1 | J13: =_xlfn.XLOOKUP(TB_Vendas[[#This Row],[Vendedor]],Vendedores!$A$5:$A$9,Vendedores!$D$5:$D$9) -> 0.15 | K13: =IF(TB_Vendas[[#This Row],[Desconto (Diretão)]]<=TB_Vendas[[#This Row],[Desconto (Vendedor)]],TB_Vendas[[#This Row],[Desconto (Diretão)]],TB_Vendas[[#This Row],[Desconto (Vendedor)]]) -> 0.1 | L13: =TB_Vendas[[#This Row],[Preço Unitário]]*TB_Vendas[[#This Row],[Qtd]] -> 500 | M13: VD002
A14: =MONTH(TB_Vendas[[#This Row],[Data]]) -> 1 | B14: 44955 | C14: PR013 | D14: =_xlfn.XLOOKUP(TB_Vendas[[#This Row],[Código]],TB_Produtos[Código],TB_Produtos[Categoria]) -> Vestuário | E14: 1 | F14: =VLOOKUP(TB_Vendas[[#This Row],[Código]],Produtos!$B$6:$G$66,6,0) -> 39.9 | G14: =_xlfn.XMATCH(TB_Vendas[[#This Row],[Categoria]],Desc_Categorias,0) -> 3 | H14: =VLOOKUP(TB_Vendas[[#This Row],[Qtd]],Desc_TabelaToda,TB_Vendas[[#This Row],[Indice]],TRUE) -> 0.1 | I14: {=INDEX(Desc_TabelaToda,MATCH(TB_Vendas[[#This Row],[Qtd]],Desc_Quantidades,1),MATCH(_xlfn.XLOOKUP(TB_Vendas[[#This Row],[Código]],TB_Produtos[[#All],[Código]],TB_Produtos[[#All],[Categoria]]),Desc_Categorias,0))} -> 0.1 | J14: =_xlfn.XLOOKUP(TB_Vendas[[#This Row],[Vendedor]],Vendedores!$A$5:$A$9,Vendedores!$D$5:$D$9) -> 0.15 | K14: =IF(TB_Vendas[[#This Row],[Desconto (Diretão)]]<=TB_Vendas[[#This Row],[Desconto (Vendedor)]],TB_Vendas[[#This Row],[Desconto (Diretão)]],TB_Vendas[[#This Row],[Desconto (Vendedor)]]) -> 0.1 | L14: =TB_Vendas[[#This Row],[Preço Unitário]]*TB_Vendas[[#This Row],[Qtd]] -> 39.9 | M14: VD002
A15: =MONTH(TB_Vendas[[#This Row],[Data]]) -> 1 | B15: 44956 | C15: PR038 | D15: =_xlfn.XLOOKUP(TB_Vendas[[#This Row],[Código]],TB_Produtos[Código],TB_Produtos[Categoria]) -> Vestuário | E15: 1 | F15: =VLOOKUP(TB_Vendas[[#This Row],[Código]],Produtos!$B$6:$G$66,6,0) -> 142.9 | G15: =_xlfn.XMATCH(TB_Vendas[[#This Row],[Categoria]],Desc_Categorias,0) -> 3 | H15: =VLOOKUP(TB_Vendas[[#This Row],[Qtd]],Desc_TabelaToda,TB_Vendas[[#This Row],[Indice]],TRUE) -> 0.1 | I15: {=INDEX(Desc_TabelaToda,MATCH(TB_Vendas[[#This Row],[Qtd]],Desc_Quantidades,1),MATCH(_xlfn.XLOOKUP(TB_Vendas[[#This Row],[Código]],TB_Produtos[[#All],[Código]],TB_Produtos[[#All],[Categoria]]),Desc_Categorias,0))} -> 0.1 | J15: =_xlfn.XLOOKUP(TB_Vendas[[#This Row],[Vendedor]],Vendedores!$A$5:$A$9,Vendedores!$D$5:$D$9) -> 0.2 | K15: =IF(TB_Vendas[[#This Row],[Desconto (Diretão)]]<=TB_Vendas[[#This Row],[Desconto (Vendedor)]],TB_Vendas[[#This Row],[Desconto (Diretão)]],TB_Vendas[[#This Row],[Desconto (Vendedor)]]) -> 0.1 | L15: =TB_Vendas[[#This Row],[Preço Unitário]]*TB_Vendas[[#This Row],[Qtd]] -> 142.9 | M15: VD004
A16: =MONTH(TB_Vendas[[#This Row],[Data]]) -> 2 | B16: 44960 | C16: PR022 | D16: =_xlfn.XLOOKUP(TB_Vendas[[#This Row],[Código]],TB_Produtos[Código],TB_Produtos[Categoria]) -> Vestuário | E16: 1 | F16: =VLOOKUP(TB_Vendas[[#This Row],[Código]],Produtos!$B$6:$G$66,6,0) -> 300 | G16: =_xlfn.XMATCH(TB_Vendas[[#This Row],[Categoria]],Desc_Categorias,0) -> 3 | H16: =VLOOKUP(TB_Vendas[[#This Row],[Qtd]],Desc_TabelaToda,TB_Vendas[[#This Row],[Indice]],TRUE) -> 0.1 | I16: {=INDEX(Desc_TabelaToda,MATCH(TB_Vendas[[#This Row],[Qtd]],Desc_Quantidades,1),MATCH(_xlfn.XLOOKUP(TB_Vendas[[#This Row],[Código]],TB_Produtos[[#All],[Código]],TB_Produtos[[#All],[Categoria]]),Desc_Categorias,0))} -> 0.1 | J16: =_xlfn.XLOOKUP(TB_Vendas[[#This Row],[Vendedor]],Vendedores!$A$5:$A$9,Vendedores!$D$5:$D$9) -> 0.1 | K16: =IF(TB_Vendas[[#This Row],[Desconto (Diretão)]]<=TB_Vendas[[#This Row],[Desconto (Vendedor)]],TB_Vendas[[#This Row],[Desconto (Diretão)]],TB_Vendas[[#This Row],[Desconto (Vendedor)]]) -> 0.1 | L16: =TB_Vendas[[#This Row],[Preço Unitário]]*TB_Vendas[[#This Row],[Qtd]] -> 300 | M16: VD003
... A86: =MONTH(TB_Vendas[[#This Row],[Data]]) -> 8 | B86: 45153 | C86: PR014 | D86: =_xlfn.XLOOKUP(TB_Vendas[[#This Row],[Código]],TB_Produtos[Código],TB_Produtos[Categoria]) -> Vestuário | E86: 8 | F86: =VLOOKUP(TB_Vendas[[#This Row],[Código]],Produtos!$B$6:$G$66,6,0) -> 39.9 | G86: =_xlfn.XMATCH(TB_Vendas[[#This Row],[Categoria]],Desc_Categorias,0) -> 3 | H86: =VLOOKUP(TB_Vendas[[#This Row],[Qtd]],Desc_TabelaToda,TB_Vendas[[#This Row],[Indice]],TRUE) -> 0.25 | I86: {=INDEX(Desc_TabelaToda,MATCH(TB_Vendas[[#This Row],[Qtd]],Desc_Quantidades,1),MATCH(_xlfn.XLOOKUP(TB_Vendas[[#This Row],[Código]],TB_Produtos[[#All],[Código]],TB_Produtos[[#All],[Categoria]]),Desc_Categorias,0))} -> 0.25 | J86: =_xlfn.XLOOKUP(TB_Vendas[[#This Row],[Vendedor]],Vendedores!$A$5:$A$9,Vendedores!$D$5:$D$9) -> 0.15 | K86: =IF(TB_Vendas[[#This Row],[Desconto (Diretão)]]<=TB_Vendas[[#This Row],[Desconto (Vendedor)]],TB_Vendas[[#This Row],[Desconto (Diretão)]],TB_Vendas[[#This Row],[Desconto (Vendedor)]]) -> 0.15 | L86: =TB_Vendas[[#This Row],[Preço Unitário]]*TB_Vendas[[#This Row],[Qtd]] -> 319.2 | M86: VD002

Sheet Consultas
B1: Consultas
B4: Consulta Produto | E4: Vendas do Dia
B6: Código: | C6: PR055 | E6: Data: | F6: 44949
B7: Descrição: | C7: =IFERROR(VLOOKUP(C6,TB_Produtos[#All],2,FALSE),"") -> Sandália Rasteira | E7: Dia da Semana: | F7: =_xlfn.XLOOKUP(WEEKDAY(F6),'Cadastros Auxiliares'!$B$4:$I$4,'Cadastros Auxiliares'!$B$5:$I$5,"") -> Segunda-feira
B8: Tamanho: | C8: {=_xlfn.XLOOKUP(C6,TB_Produtos[[#All],[Código]],TB_Produtos[[#All],[Tamanho]],"")} -> 35 | E8: Total Valor: | F8: =SUMIF(TB_Vendas[[#All],[Data]],Consultas!$F$6,TB_Vendas[[#All],[Total]]) -> 146
B9: Categoria: | C9: =IFERROR(VLOOKUP($C$6,Produtos!$B$6:$G$66,4,0),"") -> Calçado | E9: Total Qtd: | F9: =SUMIF(TB_Vendas[[#All],[Data]],Consultas!$F$6,TB_Vendas[[#All],[Qtd]]) -> 1
B10: Preço Unitário: | C10: =_xlfn.XLOOKUP($C$6,Produtos!$B$6:$B$66,Produtos!$G$6:$G$66,"") -> 89.9
B11: Estoque: | C11: {=_xlfn.XLOOKUP($C$6,TB_Produtos[[#All],[Código]],TB_Produtos[[#All],[Estoque]],"")} -> 48
B12: Situação: | C12: {=_xlfn.IFS(C11=0,"Estoque Zerado",C11>=C13,"Estoque OK",1,"Rever Estoque")} -> Estoque OK
B13: Estoque Mínimo: | C13: =_xlfn.XLOOKUP(C9,'Cadastros Auxiliares'!G9:G11,'Cadastros Auxiliares'!H9:H11) -> 15

Sheet DN_Produtos
A3: Rótulos de Linha | B3: Soma de Estoque | C3: Soma de Preço Unitário | E3: Rótulos de Linha | F3: Contagem de Produtos
A4: Vestuário | B4: 1482 | C4: 5298.7 | E4: Vestuário | F4: 45
A5: Acessórios | B5: 159 | C5: 964.6 | E5: Acessórios | F5: 6
A6: Calçado | B6: 350 | C6: 1789.4 | E6: Calçado | F6: 9
A7: Total Geral | B7: 1991 | C7: 8052.7 | E7: Total Geral | F7: 60

Sheet DN_Vendas
A3: Rótulos de Linha | B3: Soma de Total | C3: Soma de Qtd | E3: Rótulos de Linha | F3: % Categoria | G3: % Restante | H3: Soma de Total | J3: Acessórios | K3: 0.15879093 | L3: 0.84120907
A4: jan | B4: 1750.9 | C4: 14 | E4: Acessórios | F4: 0.15879093 | G4: 0.84120907 | H4: 5288.5 | J4: Calçado | K4: 0.10835675 | L4: 0.89164325
A5: fev | B5: 2974.9 | C5: 15 | E5: Calçado | F5: 0.10835675 | G5: 0.89164325 | H5: 3608.8 | J5: Vestuário | K5: 0.73285232 | L5: 0.26714768
A6: mar | B6: 3698.1 | C6: 26 | E6: Vestuário | F6: 0.73285232 | G6: 0.26714768 | H6: 24407.5
A7: abr | B7: 3651.1 | C7: 28 | E7: Total Geral | F7: 1 | G7: 0 | H7: 33304.8
A8: mai | B8: 2776.3 | C8: 17
A9: jun | B9: 3477.7 | C9: 41
A10: jul | B10: 8602.1 | C10: 53
A11: ago | B11: 6373.7 | C11: 56
A12: Total Geral | B12: 33304.8 | C12: 250

Sheet Cadastros Auxiliares
B1: Cadastros Gerais
B4: Código | C4: 1 | D4: 2 | E4: 3 | F4: 4 | G4: 5 | H4: 6 | I4: 7
B5: Dia da Semana | C5: Domingo | D5: Segunda-feira | E5: Terça-feira | F5: Quarta-feira | G5: Quinta-feira | H5: Sexta-feira | I5: Sábado
B8: Desconto por Categoria e Qtd | C8: Acessórios | D8: Vestuário | E8: Calçado | G8: Categoria | H8: Estoque Mínimo
B9: 1 | C9: 0 | D9: 0.1 | E9: 0 | G9: Acessórios | H9: 5
B10: 2 | C10: 0.05 | D10: 0.15 | E10: 0.1 | G10: Vestuário | H10: 10
B11: 3 | C11: 0.15 | D11: 0.2 | E11: 0.15 | G11: Calçado | H11: 15
B12: 5 | C12: 0.25 | D12: 0.25 | E12: 0.25
B13: 10 | C13: 0.3 | D13: 0.3 | E13: 0.3

Sheet DN_Vendedores
A3: Rótulos de Linha | B3: Soma de Total
A4: Amanda | B4: 6811.2
A5: Bruno | B5: 6552.6
A6: Clara | B6: 3259.7
A7: João | B7: 8601.6
A8: Sarah | B8: 8079.7
A9: Total Geral | B9: 33304.8

Sheet Dashboard
W2: Total de Produtos | AQ2: Produtos Vendidos | BK2: Total de Vendas
W4: =GETPIVOTDATA("Produtos",DN_Produtos!$E$3) -> 60 | AQ4: =GETPIVOTDATA("[Measures].[Soma de Qtd]",DN_Vendas!$A$3) -> 250 | BK4: =GETPIVOTDATA("[Measures].[Soma de Total]",DN_Vendas!$A$3) -> 33304.8
C9: Vendas Mensais
C26: Vendas por Categoria | AQ26: Ranking Vendedores
